1794,PLJW 101.36
1795,PLFW 750.36
1796,ProV42WC.430
1797,PLFI 544.30
1798,PLJW 129.30
1799,NATE 123.123
1800,ProSI.36
1801,PLJW 129.36
1802,PLJW 101.42
1803,PLJW 109.36
1804,PLJW 109.48.2000
1805,ProV28L.430
1806,PLJW 101.48
1807,PLJW 109.42
1808,PLSI 440.24
1809,PLJW CHEXT.36
1810,PLJW CHEXT.42
1811,PLJW 113.42
1812,PLVI Charcoal Filter Kit
1813,PLZ Charcoal Filter Kit
1814,PLZI EXT.144
1815,PLJW 102.48
1816,PLJW 102.36
1817,PLSI 570.14
1818,PLJW 129CHEXT.24
1819,PLJW Rotate Blower
1820,PLZI GL2B.48
1821,PLZW KB3.42
1822,PLZI GL2B.30
1823,PLZI GL2B.42
1824,ProV42W.430
1825,PLFI CHEXT.1PC
1826,PLJW 113.48
1827,PLJW 121.36
1828,PLJW 121.42
1829,PLJW 117.30
1830,PLZW.INS.2815
1831,PLZI GL5B.30
1832,PLJW 117.48
1833,PLZW.INS.4615
1834,PLJW 101.30
1835,PLJW CHEXT.30
1836,PLSI 576.36
1837,PLZW.INS.4015
1838,PLZW KL2B.48
1839,PLZI GL5B.36
1840,KECOM.Wall.36
1841,PLZW 697.42
1842,PLEW 891.36
1843,PLJW 133.36
1844,ProV48W.430
1845,ProV60W.430
1846,ProV40L.430
1847,ProV52L.430
1848,PLSI 576T2.48
1849,PLFW 115.30
1850,ProV30W.430
1851,PLZW.INS.3418
1852,KECOM.Wall.48
1853,VexAirLocal
1854,PLFW 520.30
1855,PLFW 520.36
1856,PLFI 544.42
1857,PLFW 544.30
1858,PLFI 520.36
1859,ProSI.60
1860,PLFW 116.30
1861,PLFI 750.48
1862,PLFI 750.60
1863,PLFW 116.36
1864,PLFW 750.54
1865,PLFW 116.42
1866,PLFW 582.36
1867,PLFW 520.42
1868,PLFI 520.48
1869,PLFI 750.42
1870,PLZW.INS.3421
1871,PLZW.INS.4621
1872,PLVW 575.36
1873,KECOM.Island.36
1874,KECOM.Island.48
1875,PLFL 832.58
1876,PLFW 812.42
1877,PLFW 812.54
1878,PLFW 832.30
1879,PLFW 832.42
1880,PLFW 832.54
1881,PLFL 832.28
1882,PLZI 697.48
1883,ProV60WC.430
1884,ProSI.30
1885,ProV48WC.430
1886,ProV30WC.430
1887,ProSW.30
1888,ProSW.42
1889,ProSW.54
1890,PLFI 544.48
1891,PLFI-PLFW Charcoal Filter
1892,PLJW CHEXT.48
1893,PLFL 832.40
1894,PLZW KB3.30
1895,PLVW Charcoal Filter Kit
1896,PLZW Charcoal Filter Kit
1897,PLZW EXT.144
1898,PLVI CHEXT.C.36
1899,PLJW 125.36
1900,PLJW 113.30
1901,PLJW 113.36
1902,ProV36W.430
1903,PLJW 102.42
1904,PLZW KB3.48
1905,PLZI GL2B.36
1906,PLFL 832.46
1907,PLZW.INS.4018
1908,PLVI 545.42.C
1909,PLVI 545.30.C
1910,PLFI 520.42
1911,PLFI CHEXT.2PC
1912,PLJW 129CHEXT.36
1913,PLJW 125.30
1914,PLJW 121.48
1915,PLZW 697.30
1916,PLJW 117.36
1917,PLZI 697.42
1918,PLJW 109.30
1919,ProSI.54
1920,PLFW 812.30
1921,PLZW KB.30
1922,PLZW KL2B.30
1923,PLZW 697.48
1924,PLZW KL2B.36
1925,PLJW 117.42
1926,KECOM.Wall.30
1927,PLJW 102.30
1928,PLZW KL2B.42
1929,PLZW.INS.2818
1930,PLJW 133.30
1931,PLFW 581.36
1932,ProV54W.430
1933,ProV34L.430
1934,ProV46L.430
1935,ProV58L.430
1936,PLVW 575.30
1937,PLFW 750.42
1938,PLVI CHEXT.S.36
1939,PLZW.INS.4618
1940,PLZW 697.60
1941,VexAirRemote
1942,VexAirRoofCap
1943,PLFI 520.30
1944,PLFI 544.36
1945,PLFW 544.36
1946,PLFI 750.54
1947,PLFW 520.48
1948,PLVI 545.48.C
1949,PLFW 520.24
1950,PLFW 115.36
1951,PLFW 750.48
1952,PLFW 750.60
1953,PLFW 115.48
1954,PLFW 116.48
1955,PLFW 581.30
1956,PLFW 115.42
1957,PLFI 750.36
1958,PLZW.INS.4021
1959,PLFL 832.34
1960,KECOM.Wall.42
1961,KECOM.Island.42
1962,PLFL 832.52
1963,PLFW 812.36
1964,PLFW 812.48
1965,PLFW 812.60
1966,PLFW 832.36
1967,PLFW 832.48
1968,PLFW 832.60
1969,ProV54WC.430
1970,ProSI.48
1971,ProV36WC.430
1972,ProSW.36
1973,ProSW.48
1974,ProSW.60
1975,TEST PLV PRO QRS
1976,CharcoalFilterSet
1977,testhood2
1978,PLFW 129E.36
1979,PLFW 129E.30
1980,PLJWExtensions
1981,PLFWExtensions
1982,PLFI 520.24
1983,test2468
1984,PLFIExtensions
1985,Test Bundle
1986,TestGrouped
1987,PLFW 544-SingleExtension-EXT
1988,PLFW 544-Double Extension-EXT
1989,PLFW 544
1990,PLFI 520
1991,PLFI 520-SingleExtension-EXT
1992,PLFI 520-DoubleExtension-EXT
1993,PLJW 129
1994,E_ControlPanel
1995,J_ControlPanel
1996,Stainless_Steel_Control
1997,PLFW 129-24-EXT
1998,PLFW 129-36-EXT
1999,ProS Wall
2000,ProSW_SingleExtension
2001,ProSW_DoubleExtension
2002,ProSI_SingleExtension
2003,ProSI_DoubleExtension
2004,PLFI ProS
2005,PLFW 832
2006,PLFL 832
2007,PLFI 750-SingleExtension-EXT
2008,PLFI 750-DoubleExtension-EXT
2009,PLFI 750
2010,PLFW 115
2011,PLFW 116
2012,PLSI 440-Charcoal Filter Set
2013,PLSI 440-36-EXT
2014,PLSI 440
2015,PLFW 750-36-EXT
2016,PLFW 750
2017,750IslandBox2
2018,PLFW 520
2019,PLFW 520-SingleExtension-EXT
2020,PLFW 520-DoubleExtension-EXT
2021,PLFI 544-SingleExtension-EXT
2022,PLFI 544-DoubleExtension-EXT
2023,PLFI 544
2024,PLJW 133
2025,PLJW 102
2026,PLJW 101/PLJW 102/PLJW 108/PLJW 109-12-EXT
2027,PLJW 101/PLJW 102/PLJW 108/PLJW 109-24-EXT
2028,PLJW 101/PLJW 102/PLJW 108/PLJW 109-36-EXT
2029,RotateBlower
2030,PLJW 117
2031,PLJW 125
2032,PLJW 109
2033,PLJW 121
2034,PLJW 113
2035,PLJW 101
2036,PLSI 576 - Glass
2037,PLSI 576
2038,"48"" Glass Piece - PLSI 576T2"
2039,PLSI 576T2
2040,PLSI 570
2041,CustomCut
2042,VX.600
2043,900-InlineBlower
2044,VX.1100
2045,VX.1200
2046,1600-LocalBlower
2047,2100-LocalBlower
2048,ProV Liner
2049,ProVWall-24x12-EXT
2050,ProVWall-24x24-EXT
2051,ProVWall-30x12-EXT
2052,ProVWall-24x36-EXT
2053,ProVWall-30x24-EXT
2054,ProVWall-30x36-EXT
2055,ProVWall-36x12-EXT
2056,ProVWall-36x24-EXT
2057,ProVWall-36x36-EXT
2058,ProVWall-42x12-EXT
2059,ProVWall-42x24-EXT
2060,ProVWall-42x36-EXT
2061,ProVWall-48x36-EXT
2062,ProVWall-48x24-EXT
2063,ProVWall-48x12-EXT
2064,ProVWall-54x12-EXT
2065,ProVWall-54x24-EXT
2066,ProVWall-54x36-EXT
2067,ProVWall-60x12-EXT
2068,ProVWall-60x24-EXT
2069,ProVWall-60x36-EXT
2070,ProVW
2071,ProVWC
2072,ProVWCSingleExtension
2073,ProVWCDoubleExtension
2074,PLFW 832-24x12-EXT
2075,PLFW 832-24x24-EXT
2076,PLFW 832-24x36-EXT
2077,PLFW 832-30x12-EXT
2078,PLFW 832-30x24-EXT
2079,PLFW 832-36x12-EXT
2080,PLFW 832-36x24-EXT
2081,PLFW 832-36x36-EXT
2082,PLFW 832-42x12-EXT
2083,PLFW 832-42x24-EXT
2084,PLFW 832-42x36-EXT
2085,PLFW 832-30x36-EXT
2086,PLFW 832-48x12-EXT
2087,PLFW 832-48x24-EXT
2088,PLFW 832-48x36-EXT
2089,PLFW 832-54x12-EXT
2090,PLFW 832-54x24-EXT
2091,PLFW 832-54x36-EXT
2092,PLFW 832-60x12-EXT
2093,PLFW 832-60x24-EXT
2094,PLFW 832-60x36-EXT
2095,PLZI 697
2096,PLZW 697
2097,KB3SingleExtension
2098,KB3DoubleExtension
2099,PLZW KB3
2100,KE2DoubleExtension
2101,PLZI KE2
2102,KL2SingleExtension
2103,KL2DoubleExtension
2104,PLZW KL2
2105,PLZW KEB
2106,KESingleExtension
2107,KEDoubleExtension
2108,PLZW KFB
2109,GL1DoubleExtension
2110,PLZI GL1
2111,WithBaffleFilters
2112,PLZI GL2
2113,GL2DoubleExtension
2114,PLZI GL5
2115,GL5DoubleExtension
2116,PLZI GL7
2117,GL7DoubleExtension
2118,GL9DoubleExtension
2119,PLZI GL9
2120,GS1DoubleExtension
2121,PLZI GS1
2122,GS2DoubleExtension
2123,PLZI GS2
2124,PLZW.INS.15
2125,PLZW.INS.18
2126,PLZW.INS.21
2127,PLFW 129J.30
2128,PLFW 129J.36
2129,AluminumFilters
2130,VexAir-Inline-Steel
2131,VexAirBasePrice
2132,PLFW 129E
2133,PLFW 129J
2134,KECOM.Wall
2135,KECOM.Wall.Single.Extension
2136,KECOM.Wall.Double.Extension
2137,KECOM.Island.Telescoping.Extension
2138,KECOM.Island
2139,697.Wall.Single.Extension
2140,697.Wall.Double.Extension
2141,697.Island.Telescoping.Extension
2142,PLFW 129-2x36-EXT
2143,PLJI 101.36
2144,PLJI 101.42
2145,PLJI 101.48
2146,ProVI.36
2147,ProVI.42
2148,ProVI.48
2149,ProVI
2150,PLJI 101
2151,ProVI-Telescoping-Extension
2152,ChimneyExtension-For10FootCeilings
2153,Extension-For12FootCeilings
2154,test
2155,PLFW 581
2156,PLFW 582
2157,Black-582
2158,White-582
2159,StainlessSteel-582
2160,Black-581
2161,White-581
2162,StainlessSteel-581
2163,PLVW 570
2164,PLVW 570.14
2165,PLVI 545.C
2166,545Extension
2167,PLVW 575
2168,PLFW 812-Single-EXT
2169,PLFW 812-Double-EXT
2170,PLFW 812
2171,PLVW 544
2172,544IslandBox2
2173,RoofCap-6inch
2174,RoofCap-8inch
2175,RoofCap-10inch
2176,RoofCap-12inch
2177,RoofCap
2178,520IslandBox2
2179,PLZW 696
2180,BELAIR.48
2181,BELAIR.42
2182,BELAIR.36
2183,BELAIR
2184,BELAIR.30
2185,PLFW 750-Double36-EXT
2186,PLJW 121.30
2187,PLFW 812-8ftSingleBlower-EXT
2188,Belair-12-EXT
2189,Belair-24-EXT
2190,Belair-36-EXT
2191,PLFW 812-Standard/Wide-EXT
2192,PLFW 812-Single/Wide-EXT
2193,PLFW 812-Double/Wide-EXT
2194,CharcoalFilters
2195,ProVI.54
2196,ProVI.60
2197,PLFW 755.30
2198,PLFI 755.36
2199,PLFW 755
2200,PLSI 570-10Foot-EXT
2201,VX.1700HE
2202,VexAirLocalBlower
2203,PLJW 101.54
2204,PLJW 101.60
2205,PLJW 109.54
2206,PLJW 109.60
2207,VX.1200-HE
2208,PLJW 185.30
2209,PLJW 185.36
2210,PLJW 185
2211,PLJW 108
2212,PLJW 108.30
2213,PLJW 108.36
2214,PLJW 108.42
2215,PLJW 108.48
2216,ProVIExtension-For8FootCeilings
2217,ProVWCBox2
2218,ProSExtension-For8FootCeilings
2219,ProVWCExtension-For8FootCeilings
2220,ProSWExtension-For8FootCeilings
2221,ProSW.30.Extension-For8FootCeilings
2222,ProSI.30.Extension-For8FootCeilings
2223,RotateBlower_LargeHoods
2224,PLJI 103
2225,PLJI 103.36
2226,PLJI 103.42
2227,PLJI 103.48
2228,PLJI 103.54
2229,PLJI 103.60
2230,PLJI 102.60
2231,PLJI 102.54
2232,PLJI 102.48
2233,PLJI 102.42
2234,PLJI 102.36
2235,PLJI 102
2236,PLFW 520.42_600
2237,PLFW 520.48_600
2238,PLJW 120
2239,PLJW 120.30
2240,PLJW 120.36
2241,PLFW 755.60
2242,PLFI 755
2243,PLFI 755.30
2244,PLFW 755.48
2245,PLFI 755.48
2246,PLFI 755.60
2247,PLJW 120.42
2248,PLJW 120.48
2249,PLFW 755.36
2250,PLJW 180
2251,PLJW 180.30
2252,test-product
2253,PLJW 129.42
2254,PLJW 130
2255,PLJW 130.30
2256,PLJW 130.36
2257,PLJW 130.42
2258,PLFI 755.42
2259,BFCH 615U.36
2260,BFCH 615
2261,BFCH 615U.42
2262,BFCH 615U.48
2263,BFCH 615U.54
2264,BFCH 615U.60
2265,INOV 315
2266,INOV 315.48
2267,INOV 515
2268,INOV 515.48
2269,INOV 415
2270,INOV 415.48
2271,ART-FIN
2272,BFCH-PA
2273,BFCH-CH
2274,BFCH-LB
2275,BFCH-LN
2276,BFCH-NR
2277,BFCH-BD
2278,BFCH-VD
2279,BFCH-DGB
2280,BFCH-DGN
2281,BFCH-LBN
2282,INOV-RI
2283,INOV-ROC
2284,INOV-RCI
2285,INOV-BCI
2286,INOV-BI
2287,INOV-BOC
2288,INOV-EIC
2289,INOV-EI
2290,INOV-EOC
2291,PLJW 109.48
2292,INOV-COC
2293,INOV-CB
2294,INOV-CI
2295,INOV-CCI
2296,INOV-EB
2297,INOV-BB
2298,INOV-RB
2299,PLJW 130.48
2300,PLJW 180.30R
2301,PLJW 108.36R
2302,PLJW 108.30R
2303,PLJW 185.36R
2304,PLJW 185.30R
2305,PLJW 133.30R
2306,PLJW 117.36R
2307,PLJW 125.30R
2308,PLJW 113.36R
2309,PLJW 113.30R
2310,PLJW 125.36R
2311,PLJW 133.36R
2312,PLJW 117.30R
2313,RCKIT 30
2314,RCKIT 36
2316,PLJW 185R
2317,PLJW 108R
2318,PLJW 133R
2320,PLJW 117R
2321,PLJW 125R
2323,PLJW 113R
2326,sku-1
2327,PLJW 120.30R
2328,PLJW 120.36R
2329,PLJW 120R
2330,PLJW 121.36R
2331,PLJW 121.30R
2332,PLJW 121R
2333,PLJW 101.30R
2334,PLJW 101.36R
2335,PLJW 101R
2336,PLJW 102.30R
2337,PLJW 102.36R
2338,PLJW 102R
2339,PLJW 109.30R
2340,CCC
2341,PLJW 104.36
2342,PLJW 104.42
2343,PLJW 104.48
2344,PLJW 104.54
2345,PLJW 104.60
2346,PLJW 104
2347,PLFW 755.42
2348,PLFW 755.54
2349,PLJW 129.48
2350,PLJL INS.28.15
2351,PLJL INS.34.15
2352,PLJL INS
2353,PLFW Vector.30
2354,PLFW Vector.36
2355,PLFW Vector
2356,PLJW 185(G)
2357,PLJW 129-G
2358,PLFW 520-G
2359,PLFW 129E-G
2360,PLFL 832-G
2361,PLFI755.30/10'ext
2362,PLFI755.30/12'ext
2363,PLFI755.36-60/10'ext
2364,PLFI755.36-60/12'ext
2365,PLFI 755.54
2366,vic-red-copper
2367,vic-navyblue-copper
2368,vic-black-copper
2369,vic-white-copper
2370,vic-pearl-copper
2371,vic-red-nickel
2372,vic-blue-nickel
2373,vic-black-nickel
2374,vic-white-nickel
2375,vic-grey-nickel
2376,craft-copper-copper
2377,INOV 515.60
2378,INOV 515.54
2379,PLJI 109.42
2380,PLJL INS.34.21
2381,PLJL INS.40.15
2382,RecircKit
2383,PLJW 109.36.WC
2384,PLJW 109.42.WC
2385,PLJW 109.48.WC
2386,PLFW UC200.30
2387,PLFW UC200.36
2388,PLSI 440.30
2389,PLVI 545.36.C
2390,PLZW KB.36
2391,PLZI KE2.48
2392,PLVW 544.36
2393,PLZI 697.36
2394,PLZI GL1.30
2395,PLZI GS1.36
2396,PLZI GL7B.36
2397,PLZW.INS.3415
2398,PLSI 440.36
2399,PLZW 696.36
2400,PLZW KEB.36
2401,PLZI GL9.36
2402,PLZW 697.36
2403,PLZW 544.30.Z
2404,PLZW 697.54
2405,ProV Chimney Extension
2406,PLFW 582.30
2407,PLZW KB.48
2408,PLZI KE2.36
2409,PLZI KE2.30
2410,PLZI GL1.36
2411,PLZI GS2.36
2412,PLZI GS1.30
2413,PLZW KB3.36
2414,PLZW KEB.30
2415,PLZW KEB.48
2416,PLZI GL9.30
2417,PLZW KB.42
2418,PLZW KFB.36
2419,PLSI 440.42
2422,PLFI ProSI
2423,TEST DOLLAR CHARGE
2426,BFCH-SINGLE
2430,PLJW 101.48.2000
2431,PLJI 109.36
2432,PLJI 109.48
2433,PLJW UC-ReCirc.42
2434,PLJW UC-ReCirc.48
2435,PLJI 109.54
2436,PLJI 109.60
2437,PLJWBBQPro.42